<?xml version="1.0" encoding="UTF-8"?>
<mime-info xmlns="http://www.freedesktop.org/standards/shared-mime-info">
  <mime-type type="application/x-mkvtoolnix-gui-settings">
    <comment>MKVToolNix GUI settings</comment>
    <comment xml:lang="bg">Мултиплекс настройки за MKVToolNix GUI</comment>
    <comment xml:lang="de">Einstellungen für MKVToolNix GUI</comment>
    <comment xml:lang="fr">Paramètres multiplex de MKVToolNix GUI</comment>
    <glob pattern="*.mtxcfg"/>
    <magic>
      <match type="string" offset="0" value="[MKVToolNix%20GUI%20Settings]"/>
    </magic>
    <sub-class-of type="text/plain"/>
  </mime-type>
</mime-info>
