<?xml version="1.0" encoding="UTF-8" standalone="yes"?>
<resources targetOsVersion="10.0.0" majorVersion="1">
 <index root="\" startIndexAt="\">
  <default>
   <qualifier name="Language" value="en"/>
   <qualifier name="Contrast" value="standard"/>
   <qualifier name="Scale" value="100"/>
   <qualifier name="HomeRegion" value="001"/>
   <qualifier name="TargetSize" value="256"/>
   <qualifier name="LayoutDirection" value="LTR"/>
   <qualifier name="Theme" value="light"/>
   <qualifier name="AlternateForm" value=""/>
   <qualifier name="DXFeatureLevel" value="DX9"/>
   <qualifier name="Configuration" value=""/>
   <qualifier name="DeviceFamily" value="Desktop"/>
  </default>
  <indexer-config type="folder" foldernameAsQualifier="true" filenameAsQualifier="true" qualifierDelimiter="."/>
  <indexer-config type="resw" convertDotsToSlashes="true" initialPath=""/>
  <indexer-config type="resjson" initialPath=""/>
  <indexer-config type="PRI"/>
 </index>
</resources>
